id,step,x,y
0,1,0.543,6.467
0,2,0.585,6.934
0,3,0.628,7.401
0,4,0.671,7.868
0,5,0.713,7.401
0,6,0.756,6.934
0,7,0.799,6.467
0,8,0.841,6.0
0,9,0.884,5.533
0,10,0.927,5.066
0,11,0.969,4.599
0,12,1.012,4.132
0,13,1.055,3.665
0,14,1.097,3.198
0,15,1.14,2.731
0,16,1.183,2.264
0,17,1.225,1.797
0,18,1.268,1.33
0,19,1.311,0.863
0,20,1.353,0.396
0,21,1.396,0.863
0,22,1.439,1.33
0,23,1.481,1.797
0,24,1.524,2.264
0,25,1.567,2.731
0,26,1.61,3.198
0,27,1.652,3.665
0,28,1.695,4.132
0,29,1.738,4.599
0,30,1.78,5.066
0,31,1.823,5.533
0,32,1.866,6.0
0,33,1.908,6.467
0,34,1.951,6.934
0,35,1.994,7.401
0,36,2.036,7.868
0,37,2.079,7.401
0,38,2.122,6.934
0,39,2.164,6.467
0,40,2.207,6.0
0,41,2.25,5.533
0,42,2.292,5.066
0,43,2.335,4.599
0,44,2.378,4.132
0,45,2.42,3.665
0,46,2.463,3.198
0,47,2.506,2.731
0,48,2.548,2.264
0,49,2.591,1.797
0,50,2.634,1.33
0,51,2.676,0.863
0,52,2.719,0.396
0,53,2.762,0.863
0,54,2.804,1.33
0,55,2.847,1.797
0,56,2.89,2.264
0,57,2.932,2.731
0,58,2.975,3.198
0,59,3.018,3.665
0,60,3.06,4.132
0,61,3.103,4.599
0,62,3.146,5.066
0,63,3.188,5.533
0,64,3.231,6.0
0,65,3.274,6.467
0,66,3.316,6.934
0,67,3.359,7.401
0,68,3.402,7.868
0,69,3.444,7.401
0,70,3.487,6.934
0,71,3.53,6.467
0,72,3.573,6.0
0,73,3.615,5.533
0,74,3.658,5.066
0,75,3.701,4.599
0,76,3.743,4.132
0,77,3.786,3.665
0,78,3.829,3.198
0,79,3.871,2.731
0,80,3.914,2.264
0,81,3.957,1.797
0,82,3.999,1.33
0,83,4.042,0.863
0,84,4.085,0.396
0,85,4.127,0.863
0,86,4.17,1.33
0,87,4.213,1.797
0,88,4.255,2.264
0,89,4.298,2.731
0,90,4.341,3.198
0,91,4.383,3.665
0,92,4.426,4.132
0,93,4.469,4.599
0,94,4.511,5.066
0,95,4.554,5.533
0,96,4.597,6.0
0,97,4.639,6.467
0,98,4.682,6.934
0,99,4.725,7.401
0,100,4.767,7.868
0,101,4.81,7.401
0,102,4.853,6.934
0,103,4.895,6.467
0,104,4.938,6.0
0,105,4.981,5.533
0,106,5.023,5.066
0,107,5.066,4.599
0,108,5.109,4.132
0,109,5.151,3.665
0,110,5.194,3.198
0,111,5.237,2.731
0,112,5.279,2.264
0,113,5.322,1.797
0,114,5.365,1.33
0,115,5.407,0.863
0,116,5.45,0.396
0,117,5.493,0.863
0,118,5.536,1.33
0,119,5.578,1.797
0,120,5.621,2.264
0,121,5.664,2.731
0,122,5.706,3.198
0,123,5.749,3.665
0,124,5.792,4.132
0,125,5.834,4.599
0,126,5.877,5.066
0,127,5.92,5.533
0,128,5.962,6.0
0,129,6.005,6.467
0,130,6.048,6.934
0,131,6.09,7.401
0,132,6.133,7.868
0,133,6.176,7.401
0,134,6.218,6.934
0,135,6.261,6.467
0,136,6.304,6.0
0,137,6.346,5.533
0,138,6.389,5.066
0,139,6.432,4.599
0,140,6.474,4.132
0,141,6.517,3.665
0,142,6.56,3.198
0,143,6.602,2.731
0,144,6.645,2.264
0,145,6.688,1.797
0,146,6.73,1.33
0,147,6.773,0.863
0,148,6.816,0.396
0,149,6.858,0.863
0,150,6.901,1.33
0,151,6.944,1.797
0,152,6.986,2.264
0,153,7.029,2.731
0,154,7.072,3.198
0,155,7.114,3.665
0,156,7.157,4.132
0,157,7.2,4.599
0,158,7.242,5.066
0,159,7.285,5.533
0,160,7.328,6.0
0,161,7.37,6.467
0,162,7.413,6.934
0,163,7.456,7.401
0,164,7.499,7.868
0,165,7.541,7.401
0,166,7.584,6.934
0,167,7.627,6.467
0,168,7.669,6.0
0,169,7.712,5.533
0,170,7.755,5.066
0,171,7.797,4.599
0,172,7.84,4.132
0,173,7.883,3.665
0,174,7.925,3.198
0,175,7.968,2.731
0,176,8.011,2.264
0,177,8.053,1.797
0,178,8.096,1.33
0,179,8.139,0.863
0,180,8.181,0.396
0,181,8.224,0.863
0,182,8.267,1.33
0,183,8.309,1.797
0,184,8.352,2.264
0,185,8.395,2.731
0,186,8.437,3.198
0,187,8.48,3.665
0,188,8.523,4.132
0,189,8.565,4.599
0,190,8.608,5.066
0,191,8.651,5.533
0,192,8.693,6.0
0,193,8.736,6.467
0,194,8.779,6.934
0,195,8.821,7.401
0,196,8.864,7.868
0,197,8.907,7.401
0,198,8.949,6.934
0,199,8.992,6.467
0,200,9.035,6.0
0,201,9.077,5.533
0,202,9.12,5.066
0,203,9.163,4.599
0,204,9.205,4.132
0,205,9.248,3.665
0,206,9.291,3.198
0,207,9.333,2.731
0,208,9.376,2.264
0,209,9.419,1.797
0,210,9.462,1.33
0,211,9.504,0.863
0,212,9.462,0.396
0,213,9.419,0.863
0,214,9.376,1.33
0,215,9.333,1.797
0,216,9.291,2.264
0,217,9.248,2.731
0,218,9.205,3.198
0,219,9.163,3.665
0,220,9.12,4.132
0,221,9.077,4.599
0,222,9.035,5.066
0,223,8.992,5.533
0,224,8.949,6.0
0,225,8.907,6.467
0,226,8.864,6.934
0,227,8.821,7.401
0,228,8.779,7.868
0,229,8.736,7.401
0,230,8.693,6.934
0,231,8.651,6.467
0,232,8.608,6.0
0,233,8.565,5.533
0,234,8.523,5.066
0,235,8.48,4.599
0,236,8.437,4.132
0,237,8.395,3.665
0,238,8.352,3.198
0,239,8.309,2.731
0,240,8.267,2.264
0,241,8.224,1.797
0,242,8.181,1.33
0,243,8.139,0.863
0,244,8.096,0.396
0,245,8.053,0.863
0,246,8.011,1.33
0,247,7.968,1.797
0,248,7.925,2.264
0,249,7.883,2.731
0,250,7.84,3.198
0,251,7.797,3.665
0,252,7.755,4.132
0,253,7.712,4.599
0,254,7.669,5.066
0,255,7.627,5.533
0,256,7.584,6.0
0,257,7.541,6.467
0,258,7.499,6.934
0,259,7.456,7.401
0,260,7.413,7.868
0,261,7.37,7.401
0,262,7.328,6.934
0,263,7.285,6.467
0,264,7.242,6.0
0,265,7.2,5.533
0,266,7.157,5.066
0,267,7.114,4.599
0,268,7.072,4.132
0,269,7.029,3.665
0,270,6.986,3.198
0,271,6.944,2.731
0,272,6.901,2.264
0,273,6.858,1.797
0,274,6.816,1.33
0,275,6.773,0.863
0,276,6.73,0.396
0,277,6.688,0.863
0,278,6.645,1.33
0,279,6.602,1.797
0,280,6.56,2.264
0,281,6.517,2.731
0,282,6.474,3.198
0,283,6.432,3.665
0,284,6.389,4.132
0,285,6.346,4.599
0,286,6.304,5.066
0,287,6.261,5.533
0,288,6.218,6.0
0,289,6.176,6.467
0,290,6.133,6.934
0,291,6.09,7.401
0,292,6.048,7.868
0,293,6.005,7.401
0,294,5.962,6.934
0,295,5.92,6.467
0,296,5.877,6.0
0,297,5.834,5.533
0,298,5.792,5.066
0,299,5.749,4.599
0,300,5.706,4.132
0,301,5.664,3.665
0,302,5.621,3.198
0,303,5.578,2.731
0,304,5.536,2.264
0,305,5.493,1.797
0,306,5.45,1.33
0,307,5.407,0.863
0,308,5.365,0.396
0,309,5.322,0.863
0,310,5.279,1.33
0,311,5.237,1.797
0,312,5.194,2.264
0,313,5.151,2.731
0,314,5.109,3.198
0,315,5.066,3.665
0,316,5.023,4.132
0,317,4.981,4.599
0,318,4.938,5.066
0,319,4.895,5.533
0,320,4.853,6.0
0,321,4.81,6.467
0,322,4.767,6.934
0,323,4.725,7.401
0,324,4.682,7.868
0,325,4.639,7.401
0,326,4.597,6.934
0,327,4.554,6.467
0,328,4.511,6.0
0,329,4.469,5.533
0,330,4.426,5.066
0,331,4.383,4.599
0,332,4.341,4.132
0,333,4.298,3.665
0,334,4.255,3.198
0,335,4.213,2.731
0,336,4.17,2.264
0,337,4.127,1.797
0,338,4.085,1.33
0,339,4.042,0.863
0,340,3.999,0.396
0,341,3.957,0.863
0,342,3.914,1.33
0,343,3.871,1.797
0,344,3.829,2.264
0,345,3.786,2.731
0,346,3.743,3.198
0,347,3.701,3.665
0,348,3.658,4.132
0,349,3.615,4.599
0,350,3.573,5.066
0,351,3.53,5.533
0,352,3.487,6.0
0,353,3.444,6.467
0,354,3.402,6.934
0,355,3.359,7.401
0,356,3.316,7.868
0,357,3.274,7.401
0,358,3.231,6.934
0,359,3.188,6.467
0,360,3.146,6.0
0,361,3.103,5.533
0,362,3.06,5.066
0,363,3.018,4.599
0,364,2.975,4.132
0,365,2.932,3.665
0,366,2.89,3.198
0,367,2.847,2.731
0,368,2.804,2.264
0,369,2.762,1.797
0,370,2.719,1.33
0,371,2.676,0.863
0,372,2.634,0.396
0,373,2.591,0.863
0,374,2.548,1.33
0,375,2.506,1.797
0,376,2.463,2.264
0,377,2.42,2.731
0,378,2.378,3.198
0,379,2.335,3.665
0,380,2.292,4.132
0,381,2.25,4.599
0,382,2.207,5.066
0,383,2.164,5.533
0,384,2.122,6.0
0,385,2.079,6.467
0,386,2.036,6.934
0,387,1.994,7.401
0,388,1.951,7.868
0,389,1.908,7.401
0,390,1.866,6.934
0,391,1.823,6.467
0,392,1.78,6.0
0,393,1.738,5.533
0,394,1.695,5.066
0,395,1.652,4.599
0,396,1.61,4.132
0,397,1.567,3.665
0,398,1.524,3.198
0,399,1.481,2.731
0,400,1.439,2.264
0,401,1.396,1.797
0,402,1.353,1.33
0,403,1.311,0.863
0,404,1.268,0.396
0,405,1.225,0.863
0,406,1.183,1.33
0,407,1.14,1.797
0,408,1.097,2.264
0,409,1.055,2.731
0,410,1.012,3.198
0,411,0.969,3.665
0,412,0.927,4.132
0,413,0.884,4.599
0,414,0.841,5.066
0,415,0.799,5.533
0,416,0.756,6.0
0,417,0.713,6.467
0,418,0.671,6.934
0,419,0.628,7.401
0,420,0.585,7.868
0,421,0.543,7.401
0,422,0.5,6.934
0,423,0.457,6.467
0,424,0.5,6.0
0,425,0.543,5.533
0,426,0.585,5.066
0,427,0.628,4.599
0,428,0.671,4.132
0,429,0.713,3.665
0,430,0.756,3.198
0,431,0.799,2.731
1,1,0.706,6.105
1,2,0.912,6.209
1,3,1.118,6.314
1,4,1.324,6.419
1,5,1.529,6.523
1,6,1.735,6.628
1,7,1.941,6.733
1,8,2.147,6.837
1,9,2.353,6.942
1,10,2.559,7.047
1,11,2.765,7.151
1,12,2.971,7.256
1,13,3.177,7.361
1,14,3.383,7.465
1,15,3.588,7.57
1,16,3.794,7.465
1,17,4.0,7.361
1,18,4.206,7.256
1,19,4.412,7.151
1,20,4.618,7.047
1,21,4.824,6.942
1,22,5.03,6.837
1,23,5.236,6.733
1,24,5.442,6.628
1,25,5.647,6.523
1,26,5.853,6.419
1,27,6.059,6.314
1,28,6.265,6.209
1,29,6.471,6.105
1,30,6.677,6.0
1,31,6.883,5.895
1,32,7.089,5.791
1,33,7.295,5.686
1,34,7.5,5.581
1,35,7.706,5.477
1,36,7.912,5.372
1,37,8.118,5.267
1,38,8.324,5.163
1,39,8.53,5.058
1,40,8.736,4.953
1,41,8.942,4.849
1,42,9.148,4.744
1,43,9.354,4.639
1,44,9.559,4.535
1,45,9.354,4.43
1,46,9.148,4.326
1,47,8.942,4.221
1,48,8.736,4.116
1,49,8.53,4.012
1,50,8.324,3.907
1,51,8.118,3.802
1,52,7.912,3.698
1,53,7.706,3.593
1,54,7.5,3.488
1,55,7.295,3.384
1,56,7.089,3.279
1,57,6.883,3.174
1,58,6.677,3.07
1,59,6.471,2.965
1,60,6.265,2.86
1,61,6.059,2.756
1,62,5.853,2.651
1,63,5.647,2.546
1,64,5.442,2.442
1,65,5.236,2.337
1,66,5.03,2.232
1,67,4.824,2.128
1,68,4.618,2.023
1,69,4.412,1.918
1,70,4.206,1.814
1,71,4.0,1.709
1,72,3.794,1.604
1,73,3.588,1.5
1,74,3.383,1.395
1,75,3.177,1.291
1,76,2.971,1.186
1,77,2.765,1.081
1,78,2.559,0.977
1,79,2.353,0.872
1,80,2.147,0.767
1,81,1.941,0.663
1,82,1.735,0.558
1,83,1.529,0.453
1,84,1.324,0.558
1,85,1.118,0.663
1,86,0.912,0.767
1,87,0.706,0.872
1,88,0.5,0.977
1,89,0.294,1.081
1,90,0.5,1.186
1,91,0.706,1.291
1,92,0.912,1.395
1,93,1.118,1.5
1,94,1.324,1.604
1,95,1.529,1.709
1,96,1.735,1.814
1,97,1.941,1.918
1,98,2.147,2.023
1,99,2.353,2.128
1,100,2.559,2.232
1,101,2.765,2.337
1,102,2.971,2.442
1,103,3.177,2.546
1,104,3.383,2.651
1,105,3.588,2.756
1,106,3.794,2.86
1,107,4.0,2.965
1,108,4.206,3.07
1,109,4.412,3.174
1,110,4.618,3.279
1,111,4.824,3.384
1,112,5.03,3.488
1,113,5.236,3.593
1,114,5.442,3.698
1,115,5.647,3.802
1,116,5.853,3.907
1,117,6.059,4.012
1,118,6.265,4.116
1,119,6.471,4.221
1,120,6.677,4.326
1,121,6.883,4.43
1,122,7.089,4.535
1,123,7.295,4.639
1,124,7.5,4.744
1,125,7.706,4.849
1,126,7.912,4.953
1,127,8.118,5.058
1,128,8.324,5.163
1,129,8.53,5.267
1,130,8.736,5.372
1,131,8.942,5.477
1,132,9.148,5.581
1,133,9.354,5.686
1,134,9.559,5.791
1,135,9.354,5.895
1,136,9.148,6.0
1,137,8.942,6.105
1,138,8.736,6.209
1,139,8.53,6.314
1,140,8.324,6.419
1,141,8.118,6.523
1,142,7.912,6.628
1,143,7.706,6.733
1,144,7.5,6.837
1,145,7.295,6.942
1,146,7.089,7.047
1,147,6.883,7.151
1,148,6.677,7.256
1,149,6.471,7.361
1,150,6.265,7.465
1,151,6.059,7.57
1,152,5.853,7.465
1,153,5.647,7.361
1,154,5.442,7.256
1,155,5.236,7.151
1,156,5.03,7.047
1,157,4.824,6.942
1,158,4.618,6.837
1,159,4.412,6.733
1,160,4.206,6.628
1,161,4.0,6.523
1,162,3.794,6.419
1,163,3.588,6.314
1,164,3.383,6.209
1,165,3.177,6.105
1,166,2.971,6.0
1,167,2.765,5.895
1,168,2.559,5.791
1,169,2.353,5.686
1,170,2.147,5.581
1,171,1.941,5.477
1,172,1.735,5.372
1,173,1.529,5.267
1,174,1.324,5.163
1,175,1.118,5.058
1,176,0.912,4.953
1,177,0.706,4.849
1,178,0.5,4.744
1,179,0.294,4.639
1,180,0.5,4.535
1,181,0.706,4.43
1,182,0.912,4.326
1,183,1.118,4.221
1,184,1.324,4.116
1,185,1.529,4.012
1,186,1.735,3.907
1,187,1.941,3.802
1,188,2.147,3.698
1,189,2.353,3.593
1,190,2.559,3.488
1,191,2.765,3.384
1,192,2.971,3.279
1,193,3.177,3.174
1,194,3.383,3.07
1,195,3.588,2.965
1,196,3.794,2.86
1,197,4.0,2.756
1,198,4.206,2.651
1,199,4.412,2.546
1,200,4.618,2.442
1,201,4.824,2.337
1,202,5.03,2.232
1,203,5.236,2.128
1,204,5.442,2.023
1,205,5.647,1.918
1,206,5.853,1.814
1,207,6.059,1.709
1,208,6.265,1.604
1,209,6.471,1.5
1,210,6.677,1.395
1,211,6.883,1.291
1,212,7.089,1.186
1,213,7.295,1.081
1,214,7.5,0.977
1,215,7.706,0.872
1,216,7.912,0.767
1,217,8.118,0.663
1,218,8.324,0.558
1,219,8.53,0.453
1,220,8.736,0.558
1,221,8.942,0.663
1,222,9.148,0.767
1,223,9.354,0.872
1,224,9.559,0.977
1,225,9.354,1.081
1,226,9.148,1.186
1,227,8.942,1.291
1,228,8.736,1.395
1,229,8.53,1.5
1,230,8.324,1.604
1,231,8.118,1.709
1,232,7.912,1.814
1,233,7.706,1.918
1,234,7.5,2.023
1,235,7.295,2.128
1,236,7.089,2.232
1,237,6.883,2.337
1,238,6.677,2.442
1,239,6.471,2.546
1,240,6.265,2.651
1,241,6.059,2.756
1,242,5.853,2.86
1,243,5.647,2.965
1,244,5.442,3.07
1,245,5.236,3.174
1,246,5.03,3.279
1,247,4.824,3.384
1,248,4.618,3.488
1,249,4.412,3.593
1,250,4.206,3.698
1,251,4.0,3.802
1,252,3.794,3.907
1,253,3.588,4.012
1,254,3.383,4.116
1,255,3.177,4.221
1,256,2.971,4.326
1,257,2.765,4.43
1,258,2.559,4.535
1,259,2.353,4.639
1,260,2.147,4.744
1,261,1.941,4.849
1,262,1.735,4.953
1,263,1.529,5.058
1,264,1.324,5.163
1,265,1.118,5.267
1,266,0.912,5.372
1,267,0.706,5.477
1,268,0.5,5.581
1,269,0.294,5.686
1,270,0.5,5.791
1,271,0.706,5.895
1,272,0.912,6.0
1,273,1.118,6.105
1,274,1.324,6.209
1,275,1.529,6.314
1,276,1.735,6.419
1,277,1.941,6.523
1,278,2.147,6.628
1,279,2.353,6.733
1,280,2.559,6.837
1,281,2.765,6.942
1,282,2.971,7.047
1,283,3.177,7.151
1,284,3.383,7.256
1,285,3.588,7.361
1,286,3.794,7.465
1,287,4.0,7.57
1,288,4.206,7.465
1,289,4.412,7.361
1,290,4.618,7.256
1,291,4.824,7.151
1,292,5.03,7.047
1,293,5.236,6.942
1,294,5.442,6.837
1,295,5.647,6.733
1,296,5.853,6.628
1,297,6.059,6.523
1,298,6.265,6.419
1,299,6.471,6.314
1,300,6.677,6.209
1,301,6.883,6.105
1,302,7.089,6.0
1,303,7.295,5.895
1,304,7.5,5.791
1,305,7.706,5.686
1,306,7.912,5.581
1,307,8.118,5.477
1,308,8.324,5.372
1,309,8.53,5.267
1,310,8.736,5.163
1,311,8.942,5.058
1,312,9.148,4.953
1,313,9.354,4.849
1,314,9.559,4.744
1,315,9.354,4.639
1,316,9.148,4.535
1,317,8.942,4.43
1,318,8.736,4.326
1,319,8.53,4.221
1,320,8.324,4.116
1,321,8.118,4.012
1,322,7.912,3.907
1,323,7.706,3.802
1,324,7.5,3.698
1,325,7.295,3.593
1,326,7.089,3.488
1,327,6.883,3.384
1,328,6.677,3.279
1,329,6.471,3.174
1,330,6.265,3.07
1,331,6.059,2.965
1,332,5.853,2.86
1,333,5.647,2.756
1,334,5.442,2.651
1,335,5.236,2.546
1,336,5.03,2.442
1,337,4.824,2.337
1,338,4.618,2.232
1,339,4.412,2.128
1,340,4.206,2.023
1,341,4.0,1.918
1,342,3.794,1.814
1,343,3.588,1.709
1,344,3.383,1.604
1,345,3.177,1.5
1,346,2.971,1.395
1,347,2.765,1.291
1,348,2.559,1.186
1,349,2.353,1.081
1,350,2.147,0.977
1,351,1.941,0.872
1,352,1.735,0.767
1,353,1.529,0.663
1,354,1.324,0.558
1,355,1.118,0.453
1,356,0.912,0.558
1,357,0.706,0.663
1,358,0.5,0.767
1,359,0.294,0.872
1,360,0.5,0.977
1,361,0.706,1.081
1,362,0.912,1.186
1,363,1.118,1.291
1,364,1.324,1.395
1,365,1.529,1.5
1,366,1.735,1.604
1,367,1.941,1.709
1,368,2.147,1.814
1,369,2.353,1.918
1,370,2.559,2.023
1,371,2.765,2.128
1,372,2.971,2.232
1,373,3.177,2.337
1,374,3.383,2.442
1,375,3.588,2.546
1,376,3.794,2.651
1,377,4.0,2.756
1,378,4.206,2.86
1,379,4.412,2.965
1,380,4.618,3.07
1,381,4.824,3.174
1,382,5.03,3.279
1,383,5.236,3.384
1,384,5.442,3.488
1,385,5.647,3.593
1,386,5.853,3.698
1,387,6.059,3.802
1,388,6.265,3.907
1,389,6.471,4.012
1,390,6.677,4.116
1,391,6.883,4.221
1,392,7.089,4.326
1,393,7.295,4.43
1,394,7.5,4.535
1,395,7.706,4.639
1,396,7.912,4.744
1,397,8.118,4.849
1,398,8.324,4.953
1,399,8.53,5.058
1,400,8.736,5.163
1,401,8.942,5.267
1,402,9.148,5.372
1,403,9.354,5.477
1,404,9.559,5.581
1,405,9.354,5.686
1,406,9.148,5.791
1,407,8.942,5.895
1,408,8.736,6.0
1,409,8.53,6.105
1,410,8.324,6.209
1,411,8.118,6.314
1,412,7.912,6.419
1,413,7.706,6.523
1,414,7.5,6.628
1,415,7.295,6.733
1,416,7.089,6.837
1,417,6.883,6.942
1,418,6.677,7.047
1,419,6.471,7.151
1,420,6.265,7.256
1,421,6.059,7.361
1,422,5.853,7.465
1,423,5.647,7.57
1,424,5.442,7.465
1,425,5.236,7.361
1,426,5.03,7.256
1,427,4.824,7.151
1,428,4.618,7.047
1,429,4.412,6.942
1,430,4.206,6.837
1,431,4.0,6.733
1,432,3.794,6.628
1,433,3.588,6.523
1,434,3.383,6.419
1,435,3.177,6.314
1,436,2.971,6.209
1,437,2.765,6.105
1,438,2.559,6.0
1,439,2.353,5.895
1,440,2.147,5.791
1,441,1.941,5.686
1,442,1.735,5.581
1,443,1.529,5.477
1,444,1.324,5.372
1,445,1.118,5.267
1,446,0.912,5.163
1,447,0.706,5.058
1,448,0.5,4.953
1,449,0.294,4.849
1,450,0.5,4.744
1,451,0.706,4.639
1,452,0.912,4.535
1,453,1.118,4.43
1,454,1.324,4.326
1,455,1.529,4.221
1,456,1.735,4.116
1,457,1.941,4.012
1,458,2.147,3.907
1,459,2.353,3.802
1,460,2.559,3.698
1,461,2.765,3.593
1,462,2.971,3.488
1,463,3.177,3.384
1,464,3.383,3.279
1,465,3.588,3.174
1,466,3.794,3.07
1,467,4.0,2.965
1,468,4.206,2.86
1,469,4.412,2.756
1,470,4.618,2.651
1,471,4.824,2.546
1,472,5.03,2.442
1,473,5.236,2.337
1,474,5.442,2.232
1,475,5.647,2.128
1,476,5.853,2.023
1,477,6.059,1.918
1,478,6.265,1.814
1,479,6.471,1.709
1,480,6.677,1.604
1,481,6.883,1.5
1,482,7.089,1.395
1,483,7.295,1.291
1,484,7.5,1.186
1,485,7.706,1.081
1,486,7.912,0.977
1,487,8.118,0.872
1,488,8.324,0.767
1,489,8.53,0.663
1,490,8.736,0.558
1,491,8.942,0.453
1,492,9.148,0.558
1,493,9.354,0.663
1,494,9.559,0.767
1,495,9.354,0.872
1,496,9.148,0.977
1,497,8.942,1.081
1,498,8.736,1.186
1,499,8.53,1.291
1,500,8.324,1.395
1,501,8.118,1.5
1,502,7.912,1.604
1,503,7.706,1.709
1,504,7.5,1.814
1,505,7.295,1.918
1,506,7.089,2.023
1,507,6.883,2.128
1,508,6.677,2.232
1,509,6.471,2.337
1,510,6.265,2.442
1,511,6.059,2.546
1,512,5.853,2.651
1,513,5.647,2.756
1,514,5.442,2.86
1,515,5.236,2.965
1,516,5.03,3.07
1,517,4.824,3.174
1,518,4.618,3.279
1,519,4.412,3.384
1,520,4.206,3.488
1,521,4.0,3.593
1,522,3.794,3.698
1,523,3.588,3.802
1,524,3.383,3.907
1,525,3.177,4.012
1,526,2.971,4.116
1,527,2.765,4.221
1,528,2.559,4.326
1,529,2.353,4.43
1,530,2.147,4.535
1,531,1.941,4.639
1,532,1.735,4.744
1,533,1.529,4.849
1,534,1.324,4.953
1,535,1.118,5.058
1,536,0.912,5.163
1,537,0.706,5.267
1,538,0.5,5.372
1,539,0.294,5.477
1,540,0.5,5.581
1,541,0.706,5.686
1,542,0.912,5.791
1,543,1.118,5.895
1,544,1.324,6.0
1,545,1.529,6.105
1,546,1.735,6.209
1,547,1.941,6.314
1,548,2.147,6.419
1,549,2.353,6.523
1,550,2.559,6.628
1,551,2.765,6.733
1,552,2.971,6.837
1,553,3.177,6.942
1,554,3.383,7.047
1,555,3.588,7.151
1,556,3.794,7.256
1,557,4.0,7.361
1,558,4.206,7.465
1,559,4.412,7.57
1,560,4.618,7.465
1,561,4.824,7.361
1,562,5.03,7.256
1,563,5.236,7.151
1,564,5.442,7.047
1,565,5.647,6.942
1,566,5.853,6.837
1,567,6.059,6.733
1,568,6.265,6.628
1,569,6.471,6.523
1,570,6.677,6.419
1,571,6.883,6.314
1,572,7.089,6.209
1,573,7.295,6.105
1,574,7.5,6.0
1,575,7.706,5.895
1,576,7.912,5.791
1,577,8.118,5.686
1,578,8.324,5.581
1,579,8.53,5.477
1,580,8.736,5.372
1,581,8.942,5.267
1,582,9.148,5.163
1,583,9.354,5.058
1,584,9.559,4.953
1,585,9.354,4.849
1,586,9.148,4.744
1,587,8.942,4.639
1,588,8.736,4.535
1,589,8.53,4.43
1,590,8.324,4.326
1,591,8.118,4.221
1,592,7.912,4.116
1,593,7.706,4.012
1,594,7.5,3.907
1,595,7.295,3.802
1,596,7.089,3.698
1,597,6.883,3.593
1,598,6.677,3.488
1,599,6.471,3.384
1,600,6.265,3.279
1,601,6.059,3.174
1,602,5.853,3.07
1,603,5.647,2.965
1,604,5.442,2.86
1,605,5.236,2.756
1,606,5.03,2.651
1,607,4.824,2.546
1,608,4.618,2.442
1,609,4.412,2.337
1,610,4.206,2.232
1,611,4.0,2.128
1,612,3.794,2.023
1,613,3.588,1.918
1,614,3.383,1.814
1,615,3.177,1.709
1,616,2.971,1.604
1,617,2.765,1.5
1,618,2.559,1.395
1,619,2.353,1.291
1,620,2.147,1.186
1,621,1.941,1.081
1,622,1.735,0.977
1,623,1.529,0.872
1,624,1.324,0.767
1,625,1.118,0.663
1,626,0.912,0.558
1,627,0.706,0.453
1,628,0.5,0.558
1,629,0.294,0.663
1,630,0.5,0.767
1,631,0.706,0.872
1,632,0.912,0.977
1,633,1.118,1.081
1,634,1.324,1.186
1,635,1.529,1.291
1,636,1.735,1.395
1,637,1.941,1.5
1,638,2.147,1.604
1,639,2.353,1.709
1,640,2.559,1.814
1,641,2.765,1.918
1,642,2.971,2.023
1,643,3.177,2.128
1,644,3.383,2.232
1,645,3.588,2.337
1,646,3.794,2.442
1,647,4.0,2.546
1,648,4.206,2.651
1,649,4.412,2.756
1,650,4.618,2.86
1,651,4.824,2.965
1,652,5.03,3.07
1,653,5.236,3.174
1,654,5.442,3.279
1,655,5.647,3.384
1,656,5.853,3.488
1,657,6.059,3.593
1,658,6.265,3.698
1,659,6.471,3.802
1,660,6.677,3.907
1,661,6.883,4.012
1,662,7.089,4.116
1,663,7.295,4.221
1,664,7.5,4.326
1,665,7.706,4.43
1,666,7.912,4.535
1,667,8.118,4.639
1,668,8.324,4.744
1,669,8.53,4.849
1,670,8.736,4.953
1,671,8.942,5.058
1,672,9.148,5.163
1,673,9.354,5.267
1,674,9.559,5.372
1,675,9.354,5.477
1,676,9.148,5.581
1,677,8.942,5.686
1,678,8.736,5.791
1,679,8.53,5.895
1,680,8.324,6.0
1,681,8.118,6.105
1,682,7.912,6.209
1,683,7.706,6.314
1,684,7.5,6.419
1,685,7.295,6.523
1,686,7.089,6.628
1,687,6.883,6.733
1,688,6.677,6.837
1,689,6.471,6.942
1,690,6.265,7.047
1,691,6.059,7.151
1,692,5.853,7.256
1,693,5.647,7.361
1,694,5.442,7.465
1,695,5.236,7.57
1,696,5.03,7.465
1,697,4.824,7.361
1,698,4.618,7.256
1,699,4.412,7.151
1,700,4.206,7.047
1,701,4.0,6.942
1,702,3.794,6.837
1,703,3.588,6.733
1,704,3.383,6.628
1,705,3.177,6.523
1,706,2.971,6.419
1,707,2.765,6.314
1,708,2.559,6.209
1,709,2.353,6.105
1,710,2.147,6.0
1,711,1.941,5.895
1,712,1.735,5.791
1,713,1.529,5.686
1,714,1.324,5.581
1,715,1.118,5.477
1,716,0.912,5.372
1,717,0.706,5.267
1,718,0.5,5.163
1,719,0.294,5.058
1,720,0.5,4.953
1,721,0.706,4.849
1,722,0.912,4.744
1,723,1.118,4.639
1,724,1.324,4.535
1,725,1.529,4.43
1,726,1.735,4.326
1,727,1.941,4.221
1,728,2.147,4.116
1,729,2.353,4.012
1,730,2.559,3.907
1,731,2.765,3.802
1,732,2.971,3.698
1,733,3.177,3.593
1,734,3.383,3.488
1,735,3.588,3.384
1,736,3.794,3.279
1,737,4.0,3.174
1,738,4.206,3.07
1,739,4.412,2.965
1,740,4.618,2.86
1,741,4.824,2.756
1,742,5.03,2.651
1,743,5.236,2.546
1,744,5.442,2.442
1,745,5.647,2.337
1,746,5.853,2.232
1,747,6.059,2.128
1,748,6.265,2.023
1,749,6.471,1.918
1,750,6.677,1.814
1,751,6.883,1.709
1,752,7.089,1.604
1,753,7.295,1.5
1,754,7.5,1.395
1,755,7.706,1.291
1,756,7.912,1.186
1,757,8.118,1.081
1,758,8.324,0.977
1,759,8.53,0.872
1,760,8.736,0.767
1,761,8.942,0.663
1,762,9.148,0.558
1,763,9.354,0.453
1,764,9.559,0.558
1,765,9.354,0.663
1,766,9.148,0.767
1,767,8.942,0.872
1,768,8.736,0.977
1,769,8.53,1.081
1,770,8.324,1.186
1,771,8.118,1.291
1,772,7.912,1.395
1,773,7.706,1.5
1,774,7.5,1.604
1,775,7.295,1.709
1,776,7.089,1.814
1,777,6.883,1.918
1,778,6.677,2.023
1,779,6.471,2.128
1,780,6.265,2.232
1,781,6.059,2.337
1,782,5.853,2.442
1,783,5.647,2.546
1,784,5.442,2.651
1,785,5.236,2.756
1,786,5.03,2.86
1,787,4.824,2.965
1,788,4.618,3.07
1,789,4.412,3.174
1,790,4.206,3.279
1,791,4.0,3.384
1,792,3.794,3.488
1,793,3.588,3.593
1,794,3.383,3.698
1,795,3.177,3.802
1,796,2.971,3.907
1,797,2.765,4.012
1,798,2.559,4.116
1,799,2.353,4.221
1,800,2.147,4.326
1,801,1.941,4.43
1,802,1.735,4.535
1,803,1.529,4.639
1,804,1.324,4.744
1,805,1.118,4.849
1,806,0.912,4.953
1,807,0.706,5.058
1,808,0.5,5.163
1,809,0.294,5.267
1,810,0.5,5.372
1,811,0.706,5.477
1,812,0.912,5.581
1,813,1.118,5.686
1,814,1.324,5.791
1,815,1.529,5.895
1,816,1.735,6.0
1,817,1.941,6.105
1,818,2.147,6.209
1,819,2.353,6.314
1,820,2.559,6.419
1,821,2.765,6.523
1,822,2.971,6.628
1,823,3.177,6.733
1,824,3.383,6.837
1,825,3.588,6.942
1,826,3.794,7.047
1,827,4.0,7.151
1,828,4.206,7.256
1,829,4.412,7.361
1,830,4.618,7.465
1,831,4.824,7.57
1,832,5.03,7.465
1,833,5.236,7.361
1,834,5.442,7.256
1,835,5.647,7.151
1,836,5.853,7.047
1,837,6.059,6.942
1,838,6.265,6.837
1,839,6.471,6.733
1,840,6.677,6.628
1,841,6.883,6.523
1,842,7.089,6.419
1,843,7.295,6.314
1,844,7.5,6.209
1,845,7.706,6.105
1,846,7.912,6.0
1,847,8.118,5.895
1,848,8.324,5.791
1,849,8.53,5.686
1,850,8.736,5.581
1,851,8.942,5.477
1,852,9.148,5.372
1,853,9.354,5.267
1,854,9.559,5.163
1,855,9.354,5.058
1,856,9.148,4.953
1,857,8.942,4.849
1,858,8.736,4.744
1,859,8.53,4.639
1,860,8.324,4.535
1,861,8.118,4.43
1,862,7.912,4.326
1,863,7.706,4.221
1,864,7.5,4.116
1,865,7.295,4.012
1,866,7.089,3.907
1,867,6.883,3.802
1,868,6.677,3.698
1,869,6.471,3.593
1,870,6.265,3.488
1,871,6.059,3.384
1,872,5.853,3.279
1,873,5.647,3.174
1,874,5.442,3.07
1,875,5.236,2.965
1,876,5.03,2.86
1,877,4.824,2.756
1,878,4.618,2.651
1,879,4.412,2.546
1,880,4.206,2.442
1,881,4.0,2.337
1,882,3.794,2.232
1,883,3.588,2.128
1,884,3.383,2.023
1,885,3.177,1.918
1,886,2.971,1.814
1,887,2.765,1.709
1,888,2.559,1.604
1,889,2.353,1.5
1,890,2.147,1.395
1,891,1.941,1.291
1,892,1.735,1.186
1,893,1.529,1.081
1,894,1.324,0.977
1,895,1.118,0.872
1,896,0.912,0.767
1,897,0.706,0.663
1,898,0.5,0.558
1,899,0.294,0.453
1,900,0.5,0.558
1,901,0.706,0.663
1,902,0.912,0.767
1,903,1.118,0.872
1,904,1.324,0.977
1,905,1.529,1.081
1,906,1.735,1.186
1,907,1.941,1.291
1,908,2.147,1.395
1,909,2.353,1.5
1,910,2.559,1.604
1,911,2.765,1.709
1,912,2.971,1.814
1,913,3.177,1.918
1,914,3.383,2.023
1,915,3.588,2.128
1,916,3.794,2.232
1,917,4.0,2.337
1,918,4.206,2.442
1,919,4.412,2.546
1,920,4.618,2.651
1,921,4.824,2.756
1,922,5.03,2.86
1,923,5.236,2.965
1,924,5.442,3.07
1,925,5.647,3.174
1,926,5.853,3.279
1,927,6.059,3.384
1,928,6.265,3.488
1,929,6.471,3.593
1,930,6.677,3.698
1,931,6.883,3.802
1,932,7.089,3.907
1,933,7.295,4.012
1,934,7.5,4.116
1,935,7.706,4.221
1,936,7.912,4.326
1,937,8.118,4.43
1,938,8.324,4.535
1,939,8.53,4.639
1,940,8.736,4.744
1,941,8.942,4.849
1,942,9.148,4.953
1,943,9.354,5.058
1,944,9.559,5.163
1,945,9.354,5.267
1,946,9.148,5.372
1,947,8.942,5.477
1,948,8.736,5.581
1,949,8.53,5.686
1,950,8.324,5.791
1,951,8.118,5.895
1,952,7.912,6.0
1,953,7.706,6.105
1,954,7.5,6.209
1,955,7.295,6.314
1,956,7.089,6.419
1,957,6.883,6.523
1,958,6.677,6.628
1,959,6.471,6.733
1,960,6.265,6.837
1,961,6.059,6.942
1,962,5.853,7.047
1,963,5.647,7.151
1,964,5.442,7.256
1,965,5.236,7.361
1,966,5.03,7.465
1,967,4.824,7.57
1,968,4.618,7.465
1,969,4.412,7.361
1,970,4.206,7.256
1,971,4.0,7.151
1,972,3.794,7.047
1,973,3.588,6.942
1,974,3.383,6.837
1,975,3.177,6.733
1,976,2.971,6.628
1,977,2.765,6.523
1,978,2.559,6.419
1,979,2.353,6.314
1,980,2.147,6.209
1,981,1.941,6.105
1,982,1.735,6.0
1,983,1.529,5.895
1,984,1.324,5.791
1,985,1.118,5.686
1,986,0.912,5.581
1,987,0.706,5.477
1,988,0.5,5.372
1,989,0.294,5.267
1,990,0.5,5.163
1,991,0.706,5.058
1,992,0.912,4.953
1,993,1.118,4.849
1,994,1.324,4.744
1,995,1.529,4.639
1,996,1.735,4.535
1,997,1.941,4.43
1,998,2.147,4.326
1,999,2.353,4.221
1,1000,2.559,4.116
1,1001,2.765,4.012
1,1002,2.971,3.907
1,1003,3.177,3.802
1,1004,3.383,3.698
1,1005,3.588,3.593
1,1006,3.794,3.488
1,1007,4.0,3.384
1,1008,4.206,3.279
1,1009,4.412,3.174
1,1010,4.618,3.07
1,1011,4.824,2.965
1,1012,5.03,2.86
1,1013,5.236,2.756
1,1014,5.442,2.651
1,1015,5.647,2.546
1,1016,5.853,2.442
1,1017,6.059,2.337
1,1018,6.265,2.232
1,1019,6.471,2.128
1,1020,6.677,2.023
1,1021,6.883,1.918
1,1022,7.089,1.814
1,1023,7.295,1.709
1,1024,7.5,1.604
1,1025,7.706,1.5
1,1026,7.912,1.395
1,1027,8.118,1.291
1,1028,8.324,1.186
1,1029,8.53,1.081
1,1030,8.736,0.977
1,1031,8.942,0.872
1,1032,9.148,0.767
1,1033,9.354,0.663
1,1034,9.559,0.558
1,1035,9.354,0.453
1,1036,9.148,0.558
1,1037,8.942,0.663
1,1038,8.736,0.767
1,1039,8.53,0.872
1,1040,8.324,0.977
1,1041,8.118,1.081
1,1042,7.912,1.186
1,1043,7.706,1.291
1,1044,7.5,1.395
1,1045,7.295,1.5
1,1046,7.089,1.604
1,1047,6.883,1.709
1,1048,6.677,1.814
1,1049,6.471,1.918
1,1050,6.265,2.023
1,1051,6.059,2.128
1,1052,5.853,2.232
1,1053,5.647,2.337
1,1054,5.442,2.442
1,1055,5.236,2.546
1,1056,5.03,2.651
1,1057,4.824,2.756
1,1058,4.618,2.86
1,1059,4.412,2.965
1,1060,4.206,3.07
1,1061,4.0,3.174
1,1062,3.794,3.279
1,1063,3.588,3.384
1,1064,3.383,3.488
1,1065,3.177,3.593
1,1066,2.971,3.698
1,1067,2.765,3.802
1,1068,2.559,3.907
1,1069,2.353,4.012
1,1070,2.147,4.116
1,1071,1.941,4.221
1,1072,1.735,4.326
1,1073,1.529,4.43
1,1074,1.324,4.535
1,1075,1.118,4.639
1,1076,0.912,4.744
1,1077,0.706,4.849
1,1078,0.5,4.953
1,1079,0.294,5.058
1,1080,0.5,5.163
1,1081,0.706,5.267
1,1082,0.912,5.372
1,1083,1.118,5.477
1,1084,1.324,5.581
1,1085,1.529,5.686
1,1086,1.735,5.791
1,1087,1.941,5.895
1,1088,2.147,6.0
1,1089,2.353,6.105
1,1090,2.559,6.209
1,1091,2.765,6.314
1,1092,2.971,6.419
1,1093,3.177,6.523
1,1094,3.383,6.628
1,1095,3.588,6.733
1,1096,3.794,6.837
1,1097,4.0,6.942
1,1098,4.206,7.047
1,1099,4.412,7.151
1,1100,4.618,7.256
1,1101,4.824,7.361
1,1102,5.03,7.465
1,1103,5.236,7.57
1,1104,5.442,7.465
1,1105,5.647,7.361
1,1106,5.853,7.256
1,1107,6.059,7.151
1,1108,6.265,7.047
1,1109,6.471,6.942
1,1110,6.677,6.837
1,1111,6.883,6.733
1,1112,7.089,6.628
1,1113,7.295,6.523
1,1114,7.5,6.419
1,1115,7.706,6.314
1,1116,7.912,6.209
1,1117,8.118,6.105
1,1118,8.324,6.0
1,1119,8.53,5.895
1,1120,8.736,5.791
1,1121,8.942,5.686
1,1122,9.148,5.581
1,1123,9.354,5.477
1,1124,9.559,5.372
1,1125,9.354,5.267
1,1126,9.148,5.163
1,1127,8.942,5.058
1,1128,8.736,4.953
1,1129,8.53,4.849
1,1130,8.324,4.744
1,1131,8.118,4.639
1,1132,7.912,4.535
1,1133,7.706,4.43
1,1134,7.5,4.326
1,1135,7.295,4.221
1,1136,7.089,4.116
1,1137,6.883,4.012
1,1138,6.677,3.907
1,1139,6.471,3.802
1,1140,6.265,3.698
1,1141,6.059,3.593
1,1142,5.853,3.488
1,1143,5.647,3.384
1,1144,5.442,3.279
1,1145,5.236,3.174
1,1146,5.03,3.07
1,1147,4.824,2.965
1,1148,4.618,2.86
1,1149,4.412,2.756
1,1150,4.206,2.651
1,1151,4.0,2.546
1,1152,3.794,2.442
1,1153,3.588,2.337
1,1154,3.383,2.232
1,1155,3.177,2.128
1,1156,2.971,2.023
1,1157,2.765,1.918
1,1158,2.559,1.814
1,1159,2.353,1.709
1,1160,2.147,1.604
1,1161,1.941,1.5
1,1162,1.735,1.395
1,1163,1.529,1.291
1,1164,1.324,1.186
1,1165,1.118,1.081
1,1166,0.912,0.977
1,1167,0.706,0.872
1,1168,0.5,0.767
1,1169,0.294,0.663
1,1170,0.5,0.558
1,1171,0.706,0.453
1,1172,0.912,0.558
1,1173,1.118,0.663
1,1174,1.324,0.767
1,1175,1.529,0.872
1,1176,1.735,0.977
1,1177,1.941,1.081
1,1178,2.147,1.186
1,1179,2.353,1.291
1,1180,2.559,1.395
1,1181,2.765,1.5
1,1182,2.971,1.604
1,1183,3.177,1.709
1,1184,3.383,1.814
1,1185,3.588,1.918
1,1186,3.794,2.023
1,1187,4.0,2.128
1,1188,4.206,2.232
1,1189,4.412,2.337
1,1190,4.618,2.442
1,1191,4.824,2.546
1,1192,5.03,2.651
1,1193,5.236,2.756
1,1194,5.442,2.86
1,1195,5.647,2.965
1,1196,5.853,3.07
1,1197,6.059,3.174
1,1198,6.265,3.279
1,1199,6.471,3.384
1,1200,6.677,3.488
1,1201,6.883,3.593
1,1202,7.089,3.698
1,1203,7.295,3.802
1,1204,7.5,3.907
1,1205,7.706,4.012
1,1206,7.912,4.116
1,1207,8.118,4.221
1,1208,8.324,4.326
1,1209,8.53,4.43
1,1210,8.736,4.535
1,1211,8.942,4.639
1,1212,9.148,4.744
1,1213,9.354,4.849
1,1214,9.559,4.953
1,1215,9.354,5.058
1,1216,9.148,5.163
1,1217,8.942,5.267
1,1218,8.736,5.372
1,1219,8.53,5.477
1,1220,8.324,5.581
1,1221,8.118,5.686
1,1222,7.912,5.791
1,1223,7.706,5.895
1,1224,7.5,6.0
1,1225,7.295,6.105
1,1226,7.089,6.209
1,1227,6.883,6.314
1,1228,6.677,6.419
1,1229,6.471,6.523
1,1230,6.265,6.628
1,1231,6.059,6.733
1,1232,5.853,6.837
1,1233,5.647,6.942
1,1234,5.442,7.047
1,1235,5.236,7.151
1,1236,5.03,7.256
1,1237,4.824,7.361
1,1238,4.618,7.465
1,1239,4.412,7.57
1,1240,4.206,7.465
1,1241,4.0,7.361
1,1242,3.794,7.256
1,1243,3.588,7.151
1,1244,3.383,7.047
1,1245,3.177,6.942
1,1246,2.971,6.837
1,1247,2.765,6.733
1,1248,2.559,6.628
1,1249,2.353,6.523
1,1250,2.147,6.419
1,1251,1.941,6.314
1,1252,1.735,6.209
1,1253,1.529,6.105
1,1254,1.324,6.0
1,1255,1.118,5.895
1,1256,0.912,5.791
1,1257,0.706,5.686
1,1258,0.5,5.581
1,1259,0.294,5.477
1,1260,0.5,5.372
1,1261,0.706,5.267
1,1262,0.912,5.163
1,1263,1.118,5.058
1,1264,1.324,4.953
1,1265,1.529,4.849
1,1266,1.735,4.744
1,1267,1.941,4.639
1,1268,2.147,4.535
1,1269,2.353,4.43
1,1270,2.559,4.326
1,1271,2.765,4.221
1,1272,2.971,4.116
1,1273,3.177,4.012
1,1274,3.383,3.907
1,1275,3.588,3.802
1,1276,3.794,3.698
1,1277,4.0,3.593
1,1278,4.206,3.488
1,1279,4.412,3.384
1,1280,4.618,3.279
1,1281,4.824,3.174
1,1282,5.03,3.07
1,1283,5.236,2.965
1,1284,5.442,2.86
1,1285,5.647,2.756
1,1286,5.853,2.651
1,1287,6.059,2.546
1,1288,6.265,2.442
1,1289,6.471,2.337
1,1290,6.677,2.232
1,1291,6.883,2.128
1,1292,7.089,2.023
1,1293,7.295,1.918
1,1294,7.5,1.814
1,1295,7.706,1.709
1,1296,7.912,1.604
1,1297,8.118,1.5
1,1298,8.324,1.395
1,1299,8.53,1.291
1,1300,8.736,1.186
1,1301,8.942,1.081
1,1302,9.148,0.977
1,1303,9.354,0.872
1,1304,9.559,0.767
1,1305,9.354,0.663
1,1306,9.148,0.558
1,1307,8.942,0.453
1,1308,8.736,0.558
1,1309,8.53,0.663
1,1310,8.324,0.767
1,1311,8.118,0.872
1,1312,7.912,0.977
1,1313,7.706,1.081
1,1314,7.5,1.186
1,1315,7.295,1.291
1,1316,7.089,1.395
1,1317,6.883,1.5
1,1318,6.677,1.604
1,1319,6.471,1.709
1,1320,6.265,1.814
1,1321,6.059,1.918
1,1322,5.853,2.023
1,1323,5.647,2.128
1,1324,5.442,2.232
1,1325,5.236,2.337
1,1326,5.03,2.442
1,1327,4.824,2.546
1,1328,4.618,2.651
1,1329,4.412,2.756
1,1330,4.206,2.86
1,1331,4.0,2.965
1,1332,3.794,3.07
1,1333,3.588,3.174
1,1334,3.383,3.279
1,1335,3.177,3.384
1,1336,2.971,3.488
1,1337,2.765,3.593
1,1338,2.559,3.698
1,1339,2.353,3.802
1,1340,2.147,3.907
1,1341,1.941,4.012
1,1342,1.735,4.116
1,1343,1.529,4.221
1,1344,1.324,4.326
1,1345,1.118,4.43
1,1346,0.912,4.535
1,1347,0.706,4.639
1,1348,0.5,4.744
1,1349,0.294,4.849
1,1350,0.5,4.953
1,1351,0.706,5.058
1,1352,0.912,5.163
1,1353,1.118,5.267
1,1354,1.324,5.372
1,1355,1.529,5.477
1,1356,1.735,5.581
1,1357,1.941,5.686
1,1358,2.147,5.791
1,1359,2.353,5.895
1,1360,2.559,6.0
1,1361,2.765,6.105
1,1362,2.971,6.209
1,1363,3.177,6.314
1,1364,3.383,6.419
1,1365,3.588,6.523
1,1366,3.794,6.628
1,1367,4.0,6.733
1,1368,4.206,6.837
1,1369,4.412,6.942
1,1370,4.618,7.047
1,1371,4.824,7.151
1,1372,5.03,7.256
1,1373,5.236,7.361
1,1374,5.442,7.465
1,1375,5.647,7.57
1,1376,5.853,7.465
1,1377,6.059,7.361
1,1378,6.265,7.256
1,1379,6.471,7.151
1,1380,6.677,7.047
1,1381,6.883,6.942
1,1382,7.089,6.837
1,1383,7.295,6.733
1,1384,7.5,6.628
1,1385,7.706,6.523
1,1386,7.912,6.419
1,1387,8.118,6.314
1,1388,8.324,6.209
1,1389,8.53,6.105
1,1390,8.736,6.0
1,1391,8.942,5.895
1,1392,9.148,5.791
1,1393,9.354,5.686
1,1394,9.559,5.581
1,1395,9.354,5.477
1,1396,9.148,5.372
1,1397,8.942,5.267
1,1398,8.736,5.163
1,1399,8.53,5.058
1,1400,8.324,4.953
1,1401,8.118,4.849
1,1402,7.912,4.744
1,1403,7.706,4.639
1,1404,7.5,4.535
1,1405,7.295,4.43
1,1406,7.089,4.326
1,1407,6.883,4.221
1,1408,6.677,4.116
1,1409,6.471,4.012
1,1410,6.265,3.907
1,1411,6.059,3.802
1,1412,5.853,3.698
1,1413,5.647,3.593
1,1414,5.442,3.488
1,1415,5.236,3.384
1,1416,5.03,3.279
1,1417,4.824,3.174
1,1418,4.618,3.07
1,1419,4.412,2.965
1,1420,4.206,2.86
1,1421,4.0,2.756
1,1422,3.794,2.651
1,1423,3.588,2.546
1,1424,3.383,2.442
1,1425,3.177,2.337
1,1426,2.971,2.232
1,1427,2.765,2.128
1,1428,2.559,2.023
1,1429,2.353,1.918
1,1430,2.147,1.814
1,1431,1.941,1.709
1,1432,1.735,1.604
1,1433,1.529,1.5
1,1434,1.324,1.395
1,1435,1.118,1.291
1,1436,0.912,1.186
1,1437,0.706,1.081
1,1438,0.5,0.977
1,1439,0.294,0.872
1,1440,0.5,0.767
1,1441,0.706,0.663
1,1442,0.912,0.558
1,1443,1.118,0.453
1,1444,1.324,0.558
1,1445,1.529,0.663
1,1446,1.735,0.767
1,1447,1.941,0.872
1,1448,2.147,0.977
1,1449,2.353,1.081
1,1450,2.559,1.186
1,1451,2.765,1.291
1,1452,2.971,1.395
1,1453,3.177,1.5
1,1454,3.383,1.604
1,1455,3.588,1.709
1,1456,3.794,1.814
1,1457,4.0,1.918
1,1458,4.206,2.023
1,1459,4.412,2.128
1,1460,4.618,2.232
1,1461,4.824,2.337
1,1462,5.03,2.442
1,1463,5.236,2.546
1,1464,5.442,2.651
1,1465,5.647,2.756
1,1466,5.853,2.86
1,1467,6.059,2.965
1,1468,6.265,3.07
1,1469,6.471,3.174
1,1470,6.677,3.279
1,1471,6.883,3.384
1,1472,7.089,3.488
1,1473,7.295,3.593
1,1474,7.5,3.698
1,1475,7.706,3.802
1,1476,7.912,3.907
1,1477,8.118,4.012
1,1478,8.324,4.116
1,1479,8.53,4.221
1,1480,8.736,4.326
1,1481,8.942,4.43
1,1482,9.148,4.535
1,1483,9.354,4.639
1,1484,9.559,4.744
1,1485,9.354,4.849
1,1486,9.148,4.953
1,1487,8.942,5.058
1,1488,8.736,5.163
1,1489,8.53,5.267
1,1490,8.324,5.372
1,1491,8.118,5.477
1,1492,7.912,5.581
1,1493,7.706,5.686
1,1494,7.5,5.791
1,1495,7.295,5.895
1,1496,7.089,6.0
1,1497,6.883,6.105
1,1498,6.677,6.209
1,1499,6.471,6.314
1,1500,6.265,6.419
1,1501,6.059,6.523
1,1502,5.853,6.628
1,1503,5.647,6.733
1,1504,5.442,6.837
1,1505,5.236,6.942
1,1506,5.03,7.047
1,1507,4.824,7.151
1,1508,4.618,7.256
1,1509,4.412,7.361
1,1510,4.206,7.465
1,1511,4.0,7.57
1,1512,3.794,7.465
1,1513,3.588,7.361
1,1514,3.383,7.256
1,1515,3.177,7.151
1,1516,2.971,7.047
1,1517,2.765,6.942
1,1518,2.559,6.837
1,1519,2.353,6.733
1,1520,2.147,6.628
1,1521,1.941,6.523
1,1522,1.735,6.419
1,1523,1.529,6.314
1,1524,1.324,6.209
1,1525,1.118,6.105
1,1526,0.912,6.0
1,1527,0.706,5.895
1,1528,0.5,5.791
1,1529,0.294,5.686
1,1530,0.5,5.581
1,1531,0.706,5.477
1,1532,0.912,5.372
1,1533,1.118,5.267
1,1534,1.324,5.163
1,1535,1.529,5.058
1,1536,1.735,4.953
1,1537,1.941,4.849
1,1538,2.147,4.744
1,1539,2.353,4.639
1,1540,2.559,4.535
1,1541,2.765,4.43
1,1542,2.971,4.326
1,1543,3.177,4.221
1,1544,3.383,4.116
1,1545,3.588,4.012
1,1546,3.794,3.907
1,1547,4.0,3.802
1,1548,4.206,3.698
1,1549,4.412,3.593
1,1550,4.618,3.488
1,1551,4.824,3.384
1,1552,5.03,3.279
1,1553,5.236,3.174
1,1554,5.442,3.07
1,1555,5.647,2.965
1,1556,5.853,2.86
1,1557,6.059,2.756
1,1558,6.265,2.651
1,1559,6.471,2.546
1,1560,6.677,2.442
1,1561,6.883,2.337
1,1562,7.089,2.232
1,1563,7.295,2.128
1,1564,7.5,2.023
1,1565,7.706,1.918
1,1566,7.912,1.814
1,1567,8.118,1.709
1,1568,8.324,1.604
1,1569,8.53,1.5
1,1570,8.736,1.395
1,1571,8.942,1.291
1,1572,9.148,1.186
1,1573,9.354,1.081
1,1574,9.559,0.977
1,1575,9.354,0.872
1,1576,9.148,0.767
1,1577,8.942,0.663
1,1578,8.736,0.558
1,1579,8.53,0.453
1,1580,8.324,0.558
1,1581,8.118,0.663
1,1582,7.912,0.767
1,1583,7.706,0.872
1,1584,7.5,0.977
1,1585,7.295,1.081
1,1586,7.089,1.186
1,1587,6.883,1.291
1,1588,6.677,1.395
1,1589,6.471,1.5
1,1590,6.265,1.604
1,1591,6.059,1.709
1,1592,5.853,1.814
1,1593,5.647,1.918
1,1594,5.442,2.023
1,1595,5.236,2.128
1,1596,5.03,2.232
1,1597,4.824,2.337
1,1598,4.618,2.442
1,1599,4.412,2.546
1,1600,4.206,2.651
1,1601,4.0,2.756
1,1602,3.794,2.86
1,1603,3.588,2.965
1,1604,3.383,3.07
1,1605,3.177,3.174
1,1606,2.971,3.279
1,1607,2.765,3.384
1,1608,2.559,3.488
1,1609,2.353,3.593
1,1610,2.147,3.698
1,1611,1.941,3.802
1,1612,1.735,3.907
1,1613,1.529,4.012
1,1614,1.324,4.116
1,1615,1.118,4.221
1,1616,0.912,4.326
1,1617,0.706,4.43
1,1618,0.5,4.535
1,1619,0.294,4.639
1,1620,0.5,4.744
1,1621,0.706,4.849
1,1622,0.912,4.953
1,1623,1.118,5.058
1,1624,1.324,5.163
1,1625,1.529,5.267
1,1626,1.735,5.372
1,1627,1.941,5.477
1,1628,2.147,5.581
1,1629,2.353,5.686
1,1630,2.559,5.791
1,1631,2.765,5.895
1,1632,2.971,6.0
1,1633,3.177,6.105
1,1634,3.383,6.209
1,1635,3.588,6.314
1,1636,3.794,6.419
1,1637,4.0,6.523
1,1638,4.206,6.628
1,1639,4.412,6.733
1,1640,4.618,6.837
1,1641,4.824,6.942
1,1642,5.03,7.047
1,1643,5.236,7.151
1,1644,5.442,7.256
1,1645,5.647,7.361
1,1646,5.853,7.465
1,1647,6.059,7.57
1,1648,6.265,7.465
1,1649,6.471,7.361
1,1650,6.677,7.256
1,1651,6.883,7.151
1,1652,7.089,7.047
1,1653,7.295,6.942
1,1654,7.5,6.837
1,1655,7.706,6.733
1,1656,7.912,6.628
1,1657,8.118,6.523
1,1658,8.324,6.419
1,1659,8.53,6.314
1,1660,8.736,6.209
1,1661,8.942,6.105
1,1662,9.148,6.0
1,1663,9.354,5.895
1,1664,9.559,5.791
1,1665,9.354,5.686
1,1666,9.148,5.581
1,1667,8.942,5.477
1,1668,8.736,5.372
1,1669,8.53,5.267
1,1670,8.324,5.163
1,1671,8.118,5.058
1,1672,7.912,4.953
1,1673,7.706,4.849
1,1674,7.5,4.744
1,1675,7.295,4.639
1,1676,7.089,4.535
1,1677,6.883,4.43
1,1678,6.677,4.326
1,1679,6.471,4.221
1,1680,6.265,4.116
1,1681,6.059,4.012
1,1682,5.853,3.907
1,1683,5.647,3.802
1,1684,5.442,3.698
1,1685,5.236,3.593
1,1686,5.03,3.488
1,1687,4.824,3.384
1,1688,4.618,3.279
1,1689,4.412,3.174
1,1690,4.206,3.07
1,1691,4.0,2.965
1,1692,3.794,2.86
1,1693,3.588,2.756
1,1694,3.383,2.651
1,1695,3.177,2.546
1,1696,2.971,2.442
1,1697,2.765,2.337
1,1698,2.559,2.232
1,1699,2.353,2.128
1,1700,2.147,2.023
1,1701,1.941,1.918
1,1702,1.735,1.814
1,1703,1.529,1.709
1,1704,1.324,1.604
1,1705,1.118,1.5
1,1706,0.912,1.395
1,1707,0.706,1.291
1,1708,0.5,1.186
1,1709,0.294,1.081
1,1710,0.5,0.977
1,1711,0.706,0.872
1,1712,0.912,0.767
1,1713,1.118,0.663
1,1714,1.324,0.558
1,1715,1.529,0.453
1,1716,1.735,0.558
1,1717,1.941,0.663
1,1718,2.147,0.767
1,1719,2.353,0.872
1,1720,2.559,0.977
1,1721,2.765,1.081
1,1722,2.971,1.186
1,1723,3.177,1.291
1,1724,3.383,1.395
1,1725,3.588,1.5
1,1726,3.794,1.604
1,1727,4.0,1.709
1,1728,4.206,1.814
1,1729,4.412,1.918
1,1730,4.618,2.023
1,1731,4.824,2.128
1,1732,5.03,2.232
1,1733,5.236,2.337
1,1734,5.442,2.442
1,1735,5.647,2.546
1,1736,5.853,2.651
1,1737,6.059,2.756
1,1738,6.265,2.86
1,1739,6.471,2.965
1,1740,6.677,3.07
1,1741,6.883,3.174
1,1742,7.089,3.279
1,1743,7.295,3.384
1,1744,7.5,3.488
1,1745,7.706,3.593
1,1746,7.912,3.698
1,1747,8.118,3.802
1,1748,8.324,3.907
1,1749,8.53,4.012
1,1750,8.736,4.116
1,1751,8.942,4.221
1,1752,9.148,4.326
1,1753,9.354,4.43
1,1754,9.559,4.535
1,1755,9.354,4.639
1,1756,9.148,4.744
1,1757,8.942,4.849
1,1758,8.736,4.953
1,1759,8.53,5.058
1,1760,8.324,5.163
1,1761,8.118,5.267
1,1762,7.912,5.372
1,1763,7.706,5.477
1,1764,7.5,5.581
1,1765,7.295,5.686
1,1766,7.089,5.791
1,1767,6.883,5.895
1,1768,6.677,6.0
1,1769,6.471,6.105
1,1770,6.265,6.209
1,1771,6.059,6.314
1,1772,5.853,6.419
1,1773,5.647,6.523
1,1774,5.442,6.628
1,1775,5.236,6.733
1,1776,5.03,6.837
1,1777,4.824,6.942
1,1778,4.618,7.047
1,1779,4.412,7.151
1,1780,4.206,7.256
1,1781,4.0,7.361
1,1782,3.794,7.465
1,1783,3.588,7.57
1,1784,3.383,7.465
1,1785,3.177,7.361
1,1786,2.971,7.256
1,1787,2.765,7.151
1,1788,2.559,7.047
1,1789,2.353,6.942
1,1790,2.147,6.837
1,1791,1.941,6.733
1,1792,1.735,6.628
1,1793,1.529,6.523
1,1794,1.324,6.419
1,1795,1.118,6.314
1,1796,0.912,6.209
1,1797,0.706,6.105
1,1798,0.5,6.0
1,1799,0.294,5.895
1,1800,0.5,5.791
1,1801,0.706,5.686
1,1802,0.912,5.581
1,1803,1.118,5.477
1,1804,1.324,5.372
1,1805,1.529,5.267
1,1806,1.735,5.163
1,1807,1.941,5.058
1,1808,2.147,4.953
1,1809,2.353,4.849
1,1810,2.559,4.744
1,1811,2.765,4.639
1,1812,2.971,4.535
1,1813,3.177,4.43
1,1814,3.383,4.326
1,1815,3.588,4.221
1,1816,3.794,4.116
1,1817,4.0,4.012
1,1818,4.206,3.907
1,1819,4.412,3.802
1,1820,4.618,3.698
1,1821,4.824,3.593
1,1822,5.03,3.488
1,1823,5.236,3.384
1,1824,5.442,3.279
1,1825,5.647,3.174
1,1826,5.853,3.07
1,1827,6.059,2.965
1,1828,6.265,2.86
1,1829,6.471,2.756
1,1830,6.677,2.651
1,1831,6.883,2.546
1,1832,7.089,2.442
1,1833,7.295,2.337
1,1834,7.5,2.232
1,1835,7.706,2.128
1,1836,7.912,2.023
1,1837,8.118,1.918
1,1838,8.324,1.814
1,1839,8.53,1.709
1,1840,8.736,1.604
1,1841,8.942,1.5
1,1842,9.148,1.395
1,1843,9.354,1.291
1,1844,9.559,1.186
1,1845,9.354,1.081
1,1846,9.148,0.977
1,1847,8.942,0.872
1,1848,8.736,0.767
1,1849,8.53,0.663
1,1850,8.324,0.558
1,1851,8.118,0.453
1,1852,7.912,0.558
1,1853,7.706,0.663
1,1854,7.5,0.767
1,1855,7.295,0.872
1,1856,7.089,0.977
1,1857,6.883,1.081
1,1858,6.677,1.186
1,1859,6.471,1.291
1,1860,6.265,1.395
1,1861,6.059,1.5
1,1862,5.853,1.604
1,1863,5.647,1.709
1,1864,5.442,1.814
1,1865,5.236,1.918
1,1866,5.03,2.023
1,1867,4.824,2.128
1,1868,4.618,2.232
1,1869,4.412,2.337
1,1870,4.206,2.442
1,1871,4.0,2.546
1,1872,3.794,2.651
1,1873,3.588,2.756
1,1874,3.383,2.86
1,1875,3.177,2.965
1,1876,2.971,3.07
1,1877,2.765,3.174
1,1878,2.559,3.279
1,1879,2.353,3.384
1,1880,2.147,3.488
1,1881,1.941,3.593
1,1882,1.735,3.698
1,1883,1.529,3.802
1,1884,1.324,3.907
1,1885,1.118,4.012
1,1886,0.912,4.116
1,1887,0.706,4.221
1,1888,0.5,4.326
1,1889,0.294,4.43
1,1890,0.5,4.535
1,1891,0.706,4.639
1,1892,0.912,4.744
1,1893,1.118,4.849
1,1894,1.324,4.953
1,1895,1.529,5.058
1,1896,1.735,5.163
1,1897,1.941,5.267
1,1898,2.147,5.372
1,1899,2.353,5.477
1,1900,2.559,5.581
1,1901,2.765,5.686
1,1902,2.971,5.791
1,1903,3.177,5.895
1,1904,3.383,6.0
1,1905,3.588,6.105
1,1906,3.794,6.209
1,1907,4.0,6.314
1,1908,4.206,6.419
1,1909,4.412,6.523
1,1910,4.618,6.628
1,1911,4.824,6.733
1,1912,5.03,6.837
1,1913,5.236,6.942
1,1914,5.442,7.047
1,1915,5.647,7.151
1,1916,5.853,7.256
1,1917,6.059,7.361
1,1918,6.265,7.465
1,1919,6.471,7.57
1,1920,6.677,7.465
1,1921,6.883,7.361
1,1922,7.089,7.256
1,1923,7.295,7.151
1,1924,7.5,7.047
1,1925,7.706,6.942
1,1926,7.912,6.837
1,1927,8.118,6.733
1,1928,8.324,6.628
1,1929,8.53,6.523
1,1930,8.736,6.419
1,1931,8.942,6.314
1,1932,9.148,6.209
1,1933,9.354,6.105
1,1934,9.559,6.0
1,1935,9.354,5.895
1,1936,9.148,5.791
1,1937,8.942,5.686
1,1938,8.736,5.581
1,1939,8.53,5.477
1,1940,8.324,5.372
1,1941,8.118,5.267
1,1942,7.912,5.163
1,1943,7.706,5.058
1,1944,7.5,4.953
1,1945,7.295,4.849
1,1946,7.089,4.744
1,1947,6.883,4.639
1,1948,6.677,4.535
1,1949,6.471,4.43
1,1950,6.265,4.326
1,1951,6.059,4.221
1,1952,5.853,4.116
1,1953,5.647,4.012
1,1954,5.442,3.907
1,1955,5.236,3.802
1,1956,5.03,3.698
1,1957,4.824,3.593
1,1958,4.618,3.488
1,1959,4.412,3.384
1,1960,4.206,3.279
1,1961,4.0,3.174
1,1962,3.794,3.07
1,1963,3.588,2.965
1,1964,3.383,2.86
1,1965,3.177,2.756
1,1966,2.971,2.651
1,1967,2.765,2.546
1,1968,2.559,2.442
1,1969,2.353,2.337
1,1970,2.147,2.232
1,1971,1.941,2.128
1,1972,1.735,2.023
1,1973,1.529,1.918
1,1974,1.324,1.814
1,1975,1.118,1.709
1,1976,0.912,1.604
1,1977,0.706,1.5
1,1978,0.5,1.395
1,1979,0.294,1.291
1,1980,0.5,1.186
1,1981,0.706,1.081
1,1982,0.912,0.977
1,1983,1.118,0.872
1,1984,1.324,0.767
1,1985,1.529,0.663
1,1986,1.735,0.558
1,1987,1.941,0.453
1,1988,2.147,0.558
1,1989,2.353,0.663
1,1990,2.559,0.767
1,1991,2.765,0.872
1,1992,2.971,0.977
1,1993,3.177,1.081
1,1994,3.383,1.186
1,1995,3.588,1.291
1,1996,3.794,1.395
1,1997,4.0,1.5
1,1998,4.206,1.604
1,1999,4.412,1.709
1,2000,4.618,1.814
1,2001,4.824,1.918
1,2002,5.03,2.023
1,2003,5.236,2.128
1,2004,5.442,2.232
1,2005,5.647,2.337
1,2006,5.853,2.442
1,2007,6.059,2.546
1,2008,6.265,2.651
1,2009,6.471,2.756
1,2010,6.677,2.86
1,2011,6.883,2.965
1,2012,7.089,3.07
1,2013,7.295,3.174
1,2014,7.5,3.279
1,2015,7.706,3.384
1,2016,7.912,3.488
1,2017,8.118,3.593
1,2018,8.324,3.698
1,2019,8.53,3.802
1,2020,8.736,3.907
1,2021,8.942,4.012
1,2022,9.148,4.116
1,2023,9.354,4.221
1,2024,9.559,4.326
1,2025,9.354,4.43
1,2026,9.148,4.535
1,2027,8.942,4.639
1,2028,8.736,4.744
1,2029,8.53,4.849
1,2030,8.324,4.953
1,2031,8.118,5.058
1,2032,7.912,5.163
1,2033,7.706,5.267
1,2034,7.5,5.372
1,2035,7.295,5.477
1,2036,7.089,5.581
1,2037,6.883,5.686
1,2038,6.677,5.791
1,2039,6.471,5.895
1,2040,6.265,6.0
1,2041,6.059,6.105
1,2042,5.853,6.209
1,2043,5.647,6.314
1,2044,5.442,6.419
1,2045,5.236,6.523
1,2046,5.03,6.628
1,2047,4.824,6.733
1,2048,4.618,6.837
1,2049,4.412,6.942
1,2050,4.206,7.047
1,2051,4.0,7.151
1,2052,3.794,7.256
1,2053,3.588,7.361
1,2054,3.383,7.465
1,2055,3.177,7.57
1,2056,2.971,7.465
1,2057,2.765,7.361
1,2058,2.559,7.256
1,2059,2.353,7.151
1,2060,2.147,7.047
1,2061,1.941,6.942
1,2062,1.735,6.837
1,2063,1.529,6.733
1,2064,1.324,6.628
1,2065,1.118,6.523
1,2066,0.912,6.419
1,2067,0.706,6.314
1,2068,0.5,6.209
1,2069,0.294,6.105
1,2070,0.5,6.0
1,2071,0.706,5.895
1,2072,0.912,5.791
1,2073,1.118,5.686
1,2074,1.324,5.581
1,2075,1.529,5.477
1,2076,1.735,5.372
1,2077,1.941,5.267
1,2078,2.147,5.163
1,2079,2.353,5.058
1,2080,2.559,4.953
1,2081,2.765,4.849
1,2082,2.971,4.744
1,2083,3.177,4.639
1,2084,3.383,4.535
1,2085,3.588,4.43
1,2086,3.794,4.326
1,2087,4.0,4.221
1,2088,4.206,4.116
1,2089,4.412,4.012
1,2090,4.618,3.907
1,2091,4.824,3.802
1,2092,5.03,3.698
1,2093,5.236,3.593
1,2094,5.442,3.488
1,2095,5.647,3.384
1,2096,5.853,3.279
1,2097,6.059,3.174
1,2098,6.265,3.07
1,2099,6.471,2.965
1,2100,6.677,2.86
1,2101,6.883,2.756
1,2102,7.089,2.651
1,2103,7.295,2.546
1,2104,7.5,2.442
1,2105,7.706,2.337
1,2106,7.912,2.232
1,2107,8.118,2.128
1,2108,8.324,2.023
1,2109,8.53,1.918
1,2110,8.736,1.814
1,2111,8.942,1.709
1,2112,9.148,1.604
1,2113,9.354,1.5
1,2114,9.559,1.395
1,2115,9.354,1.291
1,2116,9.148,1.186
1,2117,8.942,1.081
1,2118,8.736,0.977
1,2119,8.53,0.872
1,2120,8.324,0.767
1,2121,8.118,0.663
1,2122,7.912,0.558
1,2123,7.706,0.453
1,2124,7.5,0.558
1,2125,7.295,0.663
1,2126,7.089,0.767
1,2127,6.883,0.872
1,2128,6.677,0.977
1,2129,6.471,1.081
1,2130,6.265,1.186
1,2131,6.059,1.291
1,2132,5.853,1.395
1,2133,5.647,1.5
1,2134,5.442,1.604
1,2135,5.236,1.709
1,2136,5.03,1.814
1,2137,4.824,1.918
1,2138,4.618,2.023
1,2139,4.412,2.128
1,2140,4.206,2.232
1,2141,4.0,2.337
1,2142,3.794,2.442
1,2143,3.588,2.546
1,2144,3.383,2.651
1,2145,3.177,2.756
1,2146,2.971,2.86
1,2147,2.765,2.965
1,2148,2.559,3.07
1,2149,2.353,3.174
1,2150,2.147,3.279
1,2151,1.941,3.384
1,2152,1.735,3.488
1,2153,1.529,3.593
1,2154,1.324,3.698
1,2155,1.118,3.802
1,2156,0.912,3.907
1,2157,0.706,4.012
1,2158,0.5,4.116
1,2159,0.294,4.221
1,2160,0.5,4.326
1,2161,0.706,4.43
1,2162,0.912,4.535
1,2163,1.118,4.639
1,2164,1.324,4.744
1,2165,1.529,4.849
1,2166,1.735,4.953
1,2167,1.941,5.058
1,2168,2.147,5.163
1,2169,2.353,5.267
1,2170,2.559,5.372
1,2171,2.765,5.477
1,2172,2.971,5.581
1,2173,3.177,5.686
1,2174,3.383,5.791
1,2175,3.588,5.895
1,2176,3.794,6.0
1,2177,4.0,6.105
1,2178,4.206,6.209
1,2179,4.412,6.314
1,2180,4.618,6.419
1,2181,4.824,6.523
1,2182,5.03,6.628
1,2183,5.236,6.733
1,2184,5.442,6.837
1,2185,5.647,6.942
1,2186,5.853,7.047
1,2187,6.059,7.151
1,2188,6.265,7.256
1,2189,6.471,7.361
1,2190,6.677,7.465
1,2191,6.883,7.57
1,2192,7.089,7.465
1,2193,7.295,7.361
1,2194,7.5,7.256
1,2195,7.706,7.151
1,2196,7.912,7.047
1,2197,8.118,6.942
1,2198,8.324,6.837
1,2199,8.53,6.733
1,2200,8.736,6.628
1,2201,8.942,6.523
1,2202,9.148,6.419
1,2203,9.354,6.314
1,2204,9.559,6.209
1,2205,9.354,6.105
1,2206,9.148,6.0
1,2207,8.942,5.895
1,2208,8.736,5.791
1,2209,8.53,5.686
1,2210,8.324,5.581
1,2211,8.118,5.477
1,2212,7.912,5.372
1,2213,7.706,5.267
1,2214,7.5,5.163
1,2215,7.295,5.058
1,2216,7.089,4.953
1,2217,6.883,4.849
1,2218,6.677,4.744
1,2219,6.471,4.639
1,2220,6.265,4.535
1,2221,6.059,4.43
1,2222,5.853,4.326
1,2223,5.647,4.221
1,2224,5.442,4.116
1,2225,5.236,4.012
1,2226,5.03,3.907
1,2227,4.824,3.802
1,2228,4.618,3.698
1,2229,4.412,3.593
1,2230,4.206,3.488
1,2231,4.0,3.384
1,2232,3.794,3.279
1,2233,3.588,3.174
1,2234,3.383,3.07
1,2235,3.177,2.965
1,2236,2.971,2.86
1,2237,2.765,2.756
1,2238,2.559,2.651
1,2239,2.353,2.546
1,2240,2.147,2.442
1,2241,1.941,2.337
1,2242,1.735,2.232
1,2243,1.529,2.128
1,2244,1.324,2.023
1,2245,1.118,1.918
1,2246,0.912,1.814
1,2247,0.706,1.709
1,2248,0.5,1.604
1,2249,0.294,1.5
1,2250,0.5,1.395
1,2251,0.706,1.291
1,2252,0.912,1.186
1,2253,1.118,1.081
1,2254,1.324,0.977
1,2255,1.529,0.872
1,2256,1.735,0.767
1,2257,1.941,0.663
1,2258,2.147,0.558
1,2259,2.353,0.453
1,2260,2.559,0.558
1,2261,2.765,0.663
1,2262,2.971,0.767
1,2263,3.177,0.872
1,2264,3.383,0.977
1,2265,3.588,1.081
1,2266,3.794,1.186
1,2267,4.0,1.291
1,2268,4.206,1.395
1,2269,4.412,1.5
1,2270,4.618,1.604
1,2271,4.824,1.709
1,2272,5.03,1.814
1,2273,5.236,1.918
1,2274,5.442,2.023
1,2275,5.647,2.128
1,2276,5.853,2.232
1,2277,6.059,2.337
1,2278,6.265,2.442
1,2279,6.471,2.546
1,2280,6.677,2.651
1,2281,6.883,2.756
1,2282,7.089,2.86
1,2283,7.295,2.965
1,2284,7.5,3.07
1,2285,7.706,3.174
1,2286,7.912,3.279
1,2287,8.118,3.384
1,2288,8.324,3.488
1,2289,8.53,3.593
1,2290,8.736,3.698
1,2291,8.942,3.802
1,2292,9.148,3.907
1,2293,9.354,4.012
1,2294,9.559,4.116
1,2295,9.354,4.221
1,2296,9.148,4.326
1,2297,8.942,4.43
1,2298,8.736,4.535
1,2299,8.53,4.639
1,2300,8.324,4.744
1,2301,8.118,4.849
1,2302,7.912,4.953
1,2303,7.706,5.058
1,2304,7.5,5.163
1,2305,7.295,5.267
1,2306,7.089,5.372
1,2307,6.883,5.477
1,2308,6.677,5.581
1,2309,6.471,5.686
1,2310,6.265,5.791
1,2311,6.059,5.895
1,2312,5.853,6.0
1,2313,5.647,6.105
1,2314,5.442,6.209
1,2315,5.236,6.314
1,2316,5.03,6.419
1,2317,4.824,6.523
1,2318,4.618,6.628
1,2319,4.412,6.733
1,2320,4.206,6.837
1,2321,4.0,6.942
1,2322,3.794,7.047
1,2323,3.588,7.151
1,2324,3.383,7.256
1,2325,3.177,7.361
1,2326,2.971,7.465
1,2327,2.765,7.57
1,2328,2.559,7.465
1,2329,2.353,7.361
1,2330,2.147,7.256
1,2331,1.941,7.151
1,2332,1.735,7.047
1,2333,1.529,6.942
1,2334,1.324,6.837
1,2335,1.118,6.733
1,2336,0.912,6.628
1,2337,0.706,6.523
1,2338,0.5,6.419
1,2339,0.294,6.314
1,2340,0.5,6.209
1,2341,0.706,6.105
1,2342,0.912,6.0
1,2343,1.118,5.895
1,2344,1.324,5.791
1,2345,1.529,5.686
1,2346,1.735,5.581
1,2347,1.941,5.477
1,2348,2.147,5.372
1,2349,2.353,5.267
1,2350,2.559,5.163
1,2351,2.765,5.058
1,2352,2.971,4.953
1,2353,3.177,4.849
1,2354,3.383,4.744
1,2355,3.588,4.639
1,2356,3.794,4.535
1,2357,4.0,4.43
1,2358,4.206,4.326
1,2359,4.412,4.221
1,2360,4.618,4.116
1,2361,4.824,4.012
1,2362,5.03,3.907
1,2363,5.236,3.802
1,2364,5.442,3.698
1,2365,5.647,3.593
1,2366,5.853,3.488
1,2367,6.059,3.384
1,2368,6.265,3.279
1,2369,6.471,3.174
1,2370,6.677,3.07
1,2371,6.883,2.965
1,2372,7.089,2.86
1,2373,7.295,2.756
1,2374,7.5,2.651
1,2375,7.706,2.546
1,2376,7.912,2.442
1,2377,8.118,2.337
1,2378,8.324,2.232
1,2379,8.53,2.128
1,2380,8.736,2.023
1,2381,8.942,1.918
1,2382,9.148,1.814
1,2383,9.354,1.709
1,2384,9.559,1.604
1,2385,9.354,1.5
1,2386,9.148,1.395
1,2387,8.942,1.291
1,2388,8.736,1.186
1,2389,8.53,1.081
1,2390,8.324,0.977
1,2391,8.118,0.872
1,2392,7.912,0.767
1,2393,7.706,0.663
1,2394,7.5,0.558
1,2395,7.295,0.453
1,2396,7.089,0.558
1,2397,6.883,0.663
1,2398,6.677,0.767
1,2399,6.471,0.872
1,2400,6.265,0.977
1,2401,6.059,1.081
1,2402,5.853,1.186
1,2403,5.647,1.291
1,2404,5.442,1.395
1,2405,5.236,1.5
1,2406,5.03,1.604
1,2407,4.824,1.709
1,2408,4.618,1.814
1,2409,4.412,1.918
1,2410,4.206,2.023
1,2411,4.0,2.128
1,2412,3.794,2.232
1,2413,3.588,2.337
1,2414,3.383,2.442
1,2415,3.177,2.546
1,2416,2.971,2.651
1,2417,2.765,2.756
1,2418,2.559,2.86
1,2419,2.353,2.965
1,2420,2.147,3.07
1,2421,1.941,3.174
1,2422,1.735,3.279
1,2423,1.529,3.384
1,2424,1.324,3.488
1,2425,1.118,3.593
1,2426,0.912,3.698
1,2427,0.706,3.802
1,2428,0.5,3.907
1,2429,0.294,4.012
1,2430,0.5,4.116
1,2431,0.706,4.221
1,2432,0.912,4.326
1,2433,1.118,4.43
1,2434,1.324,4.535
1,2435,1.529,4.639
1,2436,1.735,4.744
1,2437,1.941,4.849
1,2438,2.147,4.953
1,2439,2.353,5.058
1,2440,2.559,5.163
1,2441,2.765,5.267
1,2442,2.971,5.372
1,2443,3.177,5.477
1,2444,3.383,5.581
1,2445,3.588,5.686
1,2446,3.794,5.791
1,2447,4.0,5.895
1,2448,4.206,6.0
1,2449,4.412,6.105
1,2450,4.618,6.209
1,2451,4.824,6.314
1,2452,5.03,6.419
1,2453,5.236,6.523
1,2454,5.442,6.628
1,2455,5.647,6.733
1,2456,5.853,6.837
1,2457,6.059,6.942
1,2458,6.265,7.047
1,2459,6.471,7.151
1,2460,6.677,7.256
1,2461,6.883,7.361
1,2462,7.089,7.465
1,2463,7.295,7.57
1,2464,7.5,7.465
1,2465,7.706,7.361
1,2466,7.912,7.256
1,2467,8.118,7.151
1,2468,8.324,7.047
1,2469,8.53,6.942
1,2470,8.736,6.837
1,2471,8.942,6.733
1,2472,9.148,6.628
1,2473,9.354,6.523
1,2474,9.559,6.419
1,2475,9.354,6.314
1,2476,9.148,6.209
1,2477,8.942,6.105
1,2478,8.736,6.0
1,2479,8.53,5.895
1,2480,8.324,5.791
1,2481,8.118,5.686
1,2482,7.912,5.581
1,2483,7.706,5.477
1,2484,7.5,5.372
1,2485,7.295,5.267
1,2486,7.089,5.163
1,2487,6.883,5.058
1,2488,6.677,4.953
1,2489,6.471,4.849
1,2490,6.265,4.744
1,2491,6.059,4.639
1,2492,5.853,4.535
1,2493,5.647,4.43
1,2494,5.442,4.326
1,2495,5.236,4.221
1,2496,5.03,4.116
1,2497,4.824,4.012
1,2498,4.618,3.907
1,2499,4.412,3.802
1,2500,4.206,3.698
1,2501,4.0,3.593
1,2502,3.794,3.488
1,2503,3.588,3.384
1,2504,3.383,3.279
1,2505,3.177,3.174
1,2506,2.971,3.07
1,2507,2.765,2.965
1,2508,2.559,2.86
1,2509,2.353,2.756
1,2510,2.147,2.651
1,2511,1.941,2.546
1,2512,1.735,2.442
1,2513,1.529,2.337
1,2514,1.324,2.232
1,2515,1.118,2.128
1,2516,0.912,2.023
2,1,0.844,6.37
2,2,1.189,6.74
2,3,1.533,7.11
2,4,1.877,7.48
2,5,2.222,7.849
2,6,2.566,7.48
2,7,2.91,7.11
2,8,3.255,6.74
2,9,3.599,6.37
2,10,3.943,6.0
2,11,4.288,5.63
2,12,4.632,5.26
2,13,4.976,4.89
2,14,5.321,4.52
2,15,5.665,4.151
2,16,6.009,3.781
2,17,6.354,3.411
2,18,6.698,3.041
2,19,7.042,2.671
2,20,7.387,2.301
2,21,7.731,1.931
2,22,8.075,1.561
2,23,8.42,1.192
2,24,8.764,0.822
2,25,9.108,0.452
2,26,9.453,0.822
2,27,9.797,1.192
2,28,9.453,1.561
2,29,9.108,1.931
2,30,8.764,2.301
2,31,8.42,2.671
2,32,8.075,3.041
2,33,7.731,3.411
2,34,7.387,3.781
2,35,7.042,4.151
2,36,6.698,4.52
2,37,6.354,4.89
2,38,6.009,5.26
2,39,5.665,5.63
2,40,5.321,6.0
2,41,4.976,6.37
2,42,4.632,6.74
2,43,4.288,7.11
2,44,3.943,7.48
2,45,3.599,7.849
2,46,3.255,7.48
2,47,2.91,7.11
2,48,2.566,6.74
2,49,2.222,6.37
2,50,1.877,6.0
2,51,1.533,5.63
2,52,1.189,5.26
2,53,0.844,4.89
2,54,0.5,4.52
2,55,0.844,4.151
2,56,1.189,3.781
2,57,1.533,3.411
2,58,1.877,3.041
2,59,2.222,2.671
2,60,2.566,2.301
2,61,2.91,1.931
2,62,3.255,1.561
2,63,3.599,1.192
2,64,3.943,0.822
2,65,4.288,0.452
2,66,4.632,0.822
2,67,4.976,1.192
2,68,5.321,1.561
2,69,5.665,1.931
2,70,6.009,2.301
2,71,6.354,2.671
2,72,6.698,3.041
2,73,7.042,3.411
2,74,7.387,3.781
2,75,7.731,4.151
2,76,8.075,4.52
2,77,8.42,4.89
2,78,8.764,5.26
2,79,9.108,5.63
2,80,9.453,6.0
2,81,9.797,6.37
2,82,9.453,6.74
2,83,9.108,7.11
2,84,8.764,7.48
2,85,8.42,7.849
2,86,8.075,7.48
2,87,7.731,7.11
2,88,7.387,6.74
2,89,7.042,6.37
2,90,6.698,6.0
2,91,6.354,5.63
2,92,6.009,5.26
2,93,5.665,4.89
2,94,5.321,4.52
2,95,4.976,4.151
2,96,4.632,3.781
2,97,4.288,3.411
2,98,3.943,3.041
2,99,3.599,2.671
2,100,3.255,2.301
2,101,2.91,1.931
2,102,2.566,1.561
2,103,2.222,1.192
2,104,1.877,0.822
2,105,1.533,0.452
2,106,1.189,0.822
2,107,0.844,1.192
2,108,0.5,1.561
2,109,0.844,1.931
2,110,1.189,2.301
2,111,1.533,2.671
2,112,1.877,3.041
2,113,2.222,3.411
2,114,2.566,3.781
2,115,2.91,4.151
2,116,3.255,4.52
2,117,3.599,4.89
2,118,3.943,5.26
2,119,4.288,5.63
2,120,4.632,6.0
2,121,4.976,6.37
2,122,5.321,6.74
2,123,5.665,7.11
2,124,6.009,7.48
2,125,6.354,7.849
2,126,6.698,7.48
2,127,7.042,7.11
2,128,7.387,6.74
2,129,7.731,6.37
2,130,8.075,6.0
2,131,8.42,5.63
2,132,8.764,5.26
2,133,9.108,4.89
2,134,9.453,4.52
2,135,9.797,4.151
2,136,9.453,3.781
2,137,9.108,3.411
2,138,8.764,3.041
2,139,8.42,2.671
2,140,8.075,2.301
2,141,7.731,1.931
2,142,7.387,1.561
2,143,7.042,1.192
2,144,6.698,0.822
2,145,6.354,0.452
2,146,6.009,0.822
2,147,5.665,1.192
2,148,5.321,1.561
2,149,4.976,1.931
2,150,4.632,2.301
2,151,4.288,2.671
2,152,3.943,3.041
2,153,3.599,3.411
2,154,3.255,3.781
2,155,2.91,4.151
2,156,2.566,4.52
2,157,2.222,4.89
2,158,1.877,5.26
2,159,1.533,5.63
2,160,1.189,6.0
2,161,0.844,6.37
2,162,0.5,6.74
2,163,0.844,7.11
2,164,1.189,7.48
2,165,1.533,7.849
2,166,1.877,7.48
2,167,2.222,7.11
2,168,2.566,6.74
2,169,2.91,6.37
2,170,3.255,6.0
2,171,3.599,5.63
2,172,3.943,5.26
2,173,4.288,4.89
2,174,4.632,4.52
2,175,4.976,4.151
2,176,5.321,3.781
2,177,5.665,3.411
2,178,6.009,3.041
2,179,6.354,2.671
2,180,6.698,2.301
2,181,7.042,1.931
2,182,7.387,1.561
2,183,7.731,1.192
2,184,8.075,0.822
2,185,8.42,0.452
2,186,8.764,0.822
2,187,9.108,1.192
2,188,9.453,1.561
2,189,9.797,1.931
2,190,9.453,2.301
2,191,9.108,2.671
2,192,8.764,3.041
2,193,8.42,3.411
2,194,8.075,3.781
2,195,7.731,4.151
2,196,7.387,4.52
2,197,7.042,4.89
2,198,6.698,5.26
2,199,6.354,5.63
2,200,6.009,6.0
2,201,5.665,6.37
2,202,5.321,6.74
2,203,4.976,7.11
2,204,4.632,7.48
2,205,4.288,7.849
2,206,3.943,7.48
2,207,3.599,7.11
2,208,3.255,6.74
2,209,2.91,6.37
2,210,2.566,6.0
2,211,2.222,5.63
2,212,1.877,5.26
2,213,1.533,4.89
2,214,1.189,4.52
2,215,0.844,4.151
2,216,0.5,3.781
2,217,0.844,3.411
2,218,1.189,3.041
2,219,1.533,2.671
2,220,1.877,2.301
2,221,2.222,1.931
2,222,2.566,1.561
2,223,2.91,1.192
2,224,3.255,0.822
2,225,3.599,0.452
2,226,3.943,0.822
2,227,4.288,1.192
2,228,4.632,1.561
2,229,4.976,1.931
2,230,5.321,2.301
2,231,5.665,2.671
2,232,6.009,3.041
2,233,6.354,3.411
2,234,6.698,3.781
2,235,7.042,4.151
2,236,7.387,4.52
2,237,7.731,4.89
2,238,8.075,5.26
2,239,8.42,5.63
2,240,8.764,6.0
2,241,9.108,6.37
2,242,9.453,6.74
2,243,9.797,7.11
2,244,9.453,7.48
2,245,9.108,7.849
2,246,8.764,7.48
2,247,8.42,7.11
2,248,8.075,6.74
2,249,7.731,6.37
2,250,7.387,6.0
2,251,7.042,5.63
2,252,6.698,5.26
2,253,6.354,4.89
2,254,6.009,4.52
2,255,5.665,4.151
2,256,5.321,3.781
2,257,4.976,3.411
2,258,4.632,3.041
2,259,4.288,2.671
2,260,3.943,2.301
2,261,3.599,1.931
2,262,3.255,1.561
2,263,2.91,1.192
2,264,2.566,0.822
2,265,2.222,0.452
2,266,1.877,0.822
2,267,1.533,1.192
2,268,1.189,1.561
2,269,0.844,1.931
2,270,0.5,2.301
